Avatar	2009	2923	4,121	237	12.3	1233%	2,922,917,914
Titanic	1997	2202	4,120	200	11.0	1101%	2,201,647,264
Star Wars	1977	775	3,946	11	70.5	7049%	775,398,007
Avengers: Endgame	2019	2798	3,309	356	7.9	786%	2,797,501,328
The Exorcist	1973	441	3,084	12	36.8	3678%	441,306,145
Jaws	1975	477	2,723	9	52.9	5295%	476,512,065
The Force Awakens	2015	2070	2,636	306	6.8	676%	2,069,521,700
E.T.	1982	793	2,503	10.5	75.5	7552%	792,910,554
Avengers: Infinity War	2018	2048	2,460	321	6.4	638%	2,048,359,754
Jurassic Park	1993	1110	2,317	63	17.6	1762%	1,109,802,321
Spider-Man: No Way Home	2021	1971	2,244	200	9.9	986%	1,971,439,845
Avatar 2*	2022	2242	2,242	400	5.6	561%	2,054,734,732
The Lion King	1994	1064	2,166	45	23.6	2364%	1,063,611,805
Jurassic World	2015	1672	2,129	150	11.1	1114%	1,671,537,444
Empire Strikes Back	1980	538	2,060	31	17.4	1737%	538,375,067
The Avengers	2012	1519	1,995	220	6.9	690%	1,518,815,515
The Lion King	2019	1663	1,967	260	6.4	640%	1,663,250,487
Furious 7	2015	1515	1,930	190	8.0	798%	1,515,341,399
Grease	1978	396	1,888	6	66.0	6605%	396,271,103
LOTR: The Return of the King	2003	1146	1,878	94	12.2	1220%	1,146,436,214
The Phantom Menace	1999	1027	1,861	115	8.9	893%	1,027,082,707
Harry Potter & the Deathly Hallows: Pt 2	2011	1342	1,815	125	10.7	1074%	1,342,359,942
Avengers: Age of Ultron	2015	1403	1,787	250	5.6	561%	1,402,809,540
Harry Potter & the Sorcerer's Stone	2001	1024	1,741	125	8.2	819%	1,023,842,938
Frozen II	2019	1450	1,715	150	9.7	967%	1,450,026,933
Frozen	2013	1305	1,687	150	8.7	870%	1,304,550,716
Black Panther	2018	1382	1,660	205	6.7	674%	1,382,248,826
The Last Jedi	2017	1333	1,634	317	4.2	420%	1,332,698,830
POC: Dead Man's Chest	2006	1066	1,601	225	4.7	474%	1,066,179,747
Beauty and the Beast	2017	1306	1,601	160	8.2	816%	1,305,611,599
LOTR: Two Towers	2002	948	1,594	94	10.1	1008%	947,939,315
Independence Day	1996	817	1,576	75	10.9	1090%	817,400,891
Top Gun: Maverick	2022	1487	1,574	170	8.7	875%	1,486,657,763
Jurassic World: Fallen Kingdom	2018	1310	1,574	187	7.0	701%	1,310,466,296
Iron Man 3	2013	1215	1,571	200	6.1	607%	1,214,811,252
Finding Nemo	2003	940	1,541	94	10.0	1000%	940,352,645
LOTR: The Fellowship of the Ring	2001	898	1,527	93	9.7	966%	898,182,036
Transformers: Dark of the Moon	2011	1124	1,519	175	6.4	642%	1,123,794,079
Harry Potter & the Chamber of Secrets	2002	903	1,518	100	9.0	903%	902,746,596
The Fate of the Furious	2017	1236	1,515	270	4.6	458%	1,236,005,118
Incredibles 2	2018	1243	1,493	200	6.2	622%	1,243,089,244
Shrek 2	2004	929	1,493	150	6.2	619%	928,760,770
Minions	2015	1159	1,477	74	15.7	1567%	1,159,444,662
Toy Story 3	2010	1067	1,466	200	5.3	533%	1,066,970,811
Skyfall	2012	1109	1,456	200	5.5	554%	1,108,569,499
Captain America: Civil War	2016	1153	1,449	250	4.6	461%	1,153,337,496
Return of the Jedi	1983	475	1,446	43	11.0	1105%	475,106,177
The Dark Knight Rises	2012	1081	1,420	300	3.6	360%	1,081,169,825
The Dark Knight	2008	1006	1,419	185	5.4	544%	1,006,234,167
POC: On Stranger Tides	2011	1046	1,414	379	2.8	276%	1,045,713,802
POC: At World's End	2007	961	1,413	300	3.2	320%	960,996,492
Alice in Wonderland	2010	1025	1,409	200	5.1	513%	1,025,468,216
Transformers: Age of Extinction	2014	1104	1,405	210	5.3	526%	1,104,054,072
Harry Potter & the Goblet of Fire	2005	897	1,400	150	6.0	598%	896,815,106
Spider-Man	2002	825	1,387	139	5.9	594%	825,025,036
Harry Potter & the Order of the Phoenix	2007	942	1,386	150	6.3	628%	942,218,425
Forrest Gump	1994	678	1,381	55	12.3	1233%	678,226,465
Aquaman	2018	1149	1,379	160	7.2	718%	1,148,528,393
Revenge of the Sith	2005	868	1,356	113	7.7	768%	868,390,560
Harry Potter & the Deathly Hallows: Pt 1	2010	977	1,342	125	7.8	782%	977,070,383
Spider-Man: Far from Home	2019	1132	1,339	160	7.1	707%	1,131,927,996
The Hobbit: An Unexpected Journey	2012	1017	1,336	180	5.7	565%	1,017,030,651
Captain Marvel	2019	1128	1,335	152	7.4	742%	1,128,462,972
Raiders of the Lost Ark	1981	390	1,334	20	19.5	1950%	389,925,971
Rogue One	2016	1059	1,330	275	3.8	385%	1,058,682,142
Harry Potter & the Half-Blood Prince	2009	934	1,318	250	3.7	374%	934,483,039
Spider-Man 3	2007	895	1,316	250	3.6	358%	894,983,373
Zootopia	2016	1043	1,310	150	7.0	695%	1,042,533,689
Joker	2019	1105	1,307	70	15.8	1578%	1,104,943,613
Finding Dory	2016	1029	1,293	200	5.1	514%	1,028,570,942
Harry Potter & the Prisoner of Azkaban	2004	798	1,282	130	6.1	614%	797,660,766
The Rise of Skywalker	2019	1074	1,270	275	3.9	391%	1,074,149,279
Toy Story 4	2019	1073	1,270	200	5.4	537%	1,073,394,593
Despicable Me 3	2017	1035	1,269	80	12.9	1294%	1,034,800,131
Spider-Man 2	2004	789	1,268	200	3.9	394%	788,976,453
SuperMario Bros	2023	1264	1263	100	12.6	1264%	1,264,350,750
Despicable Me 2	2013	971	1,255	78	12.4	1245%	970,766,005
Ice Age: Dawn of the Dinosaurs	2009	887	1,250	90	9.9	985%	886,686,817
Aladdin	2019	1051	1,243	183	5.7	574%	1,050,693,953
The Hobbit: The Desolation of Smaug	2013	959	1,240	250	3.8	384%	959,027,992
The Hobbit: The Battle of the Five Armies	2014	962	1,225	300	3.2	321%	962,201,338
The Sixth Sense	1999	673	1,219	40	16.8	1682%	672,806,432
The Matrix Reloaded	2003	742	1,216	150	4.9	495%	741,847,937
The Jungle Book (2016)	2016	967	1,215	177	5.5	546%	966,554,929
Shrek the Third	2007	813	1,196	160	5.1	508%	813,367,380
Ghost	1990	506	1,182	23	22.0	2199%	505,703,557
Jumanji: Welcome to the Jungle	2017	963	1,180	90	10.7	1069%	962,542,945
Transformers: Revenge of the Fallen	2009	836	1,179	200	4.2	418%	836,303,693
Indiana Jones & the Last Crusade	1989	474	1,166	48	9.9	988%	474,171,806
The Lion, the Witch and the Wardrobe	2005	745	1,163	180	4.1	414%	745,013,115
The Lost World: Jurassic Park	1997	619	1,158	73	8.5	847%	618,638,999
Ice Age: Continental Drift	2012	877	1,152	95	9.2	923%	877,244,782
Terminator 2	1991	521	1,152	100	5.2	521%	520,881,154
Inception	2010	837	1,150	160	5.2	523%	836,848,102
The Da Vinci Code	2006	760	1,141	125	6.1	608%	760,006,945
The Secret Life of Pets	2016	894	1,124	75	11.9	1192%	894,328,469
Spectre	2015	881	1,122	300	2.9	294%	880,705,312
The Hunger Games: Catching Fire	2013	865	1,118	78	11.1	1109%	865,011,746
2012	2009	791	1,116	200	4.0	396%	791,217,826
Indiana Jones & the Kingdom of the Crystal Skull	2008	791	1,115	185	4.3	427%	790,653,942
Twilight: Breaking Dawn - Pt 2	2012	849	1,115	136	6.2	624%	848,853,382
Home Alone	1990	477	1,114	18	26.5	2648%	476,684,675
Men in Black	1997	589	1,103	90	6.5	655%	589,390,539
Attack of the Clones	2002	654	1,099	115	5.7	569%	653,779,970
Batman v Superman	2016	874	1,098	250	3.5	349%	873,637,528
Inside Out	2015	859	1,094	175	4.9	491%	858,848,019
Bohemian Rhapsody	2018	911	1,094	52	17.5	1752%	910,809,311
Aladdin	1992	504	1,087	28	18.0	1800%	504,050,219
Pretty Woman	1990	463	1,083	14	33.1	3310%	463,406,268
Back to the Future	1985	383	1,082	19	20.2	2018%	383,336,762
Spider-Man: Homecoming	2017	880	1,079	175	5.0	503%	880,166,924
POC: The Curse of the Black Pearl	2003	654	1,072	140	4.7	467%	654,264,015
Jurassic World: Dominion	2022	1001	1,060	185	5.4	541%	1,001,136,080
Guardians of the Galaxy Vol. 2	2017	864	1,059	200	4.3	432%	863,756,051
Thor: Ragnarok	2017	854	1,047	180	4.7	474%	853,983,879
Transformers	2007	710	1,044	200	3.5	355%	709,709,780
Up	2009	735	1,036	175	4.2	420%	735,099,102
Shrek Forever After	2010	753	1,034	165	4.6	456%	752,600,867
Venom	2018	856	1,028	116	7.4	738%	856,085,151
Fantastic Beasts & Where to Find Them	2016	814	1,023	200	4.1	407%	814,044,001
Armageddon	1998	554	1,020	140	4.0	396%	553,709,788
Fast & Furious 6	2013	789	1,020	160	4.9	493%	788,680,968
The Incredibles	2004	632	1,015	145	4.4	436%	631,607,053
Dr Strange: Multiverse of Madness	2022	956	1,012	200	4.8	478%	955,775,804
Batman	1989	412	1,012	48	8.6	857%	411,569,241
Wonder Woman	2017	823	1,009	200	4.1	411%	822,854,286
Twilight: New Moon	2009	711	1,003	50	14.2	1422%	711,025,481
Ice Age: The Meltdown	2006	667	1,002	80	8.3	834%	667,094,506
The Amazing Spider-Man	2012	758	996	230	3.3	330%	757,930,663
Minions: The Rise of Gru	2022	939	995	80	11.7	1174%	939,220,210
Dances with Wolves	1990	424	991	22	19.3	1928%	424,208,848
Coco	2017	808	990	225	3.6	359%	807,817,888
Monsters, Inc.	2001	580	986	115	5.0	504%	579,707,738
Interstellar	2014	774	985	165	4.7	469%	773,897,851
Guardians of the Galaxy	2014	773	984	170	4.5	455%	773,350,147
The Passion of the Christ	2004	612	984	30	20.4	2040%	612,054,506
Deadpool	2016	783	984	58	13.5	1350%	782,836,791
Madagascar 3	2012	747	981	145	5.2	515%	746,921,274
POC: Dead Men Tell No Tales	2017	795	974	230	3.5	346%	794,881,442
Indiana Jones & the Temple of Doom	1984	333	973	28	11.9	1190%	333,107,271
Top Gun	1986	357	971	15	23.8	2382%	357,288,178
Maleficent	2014	758	965	180	4.2	421%	758,411,779
Mission: Impossible III	2000	546	964	125	4.4	437%	546,388,108
Twilight: Breaking Dawn - Pt 1	2011	712	963	127	5.6	561%	712,205,856
Mockingjay - Part 1	2014	755	961	125	6.0	604%	755,356,711
Monsters University	2013	744	961	200	3.7	372%	743,559,645
Twilight: Eclipse	2010	699	960	68	10.3	1027%	698,509,825
Twister	1996	495	954	92	5.4	538%	494,580,615
MI: Fallout	2018	792	951	178	4.4	445%	791,657,398
X-Men: Days of Future Past	2014	746	950	205	3.6	364%	746,045,700
Jumanji: The Next Level	2019	802	948	132	6.1	607%	801,693,929
Deadpool 2	2018	786	944	110	7.1	714%	785,896,609
War of the Worlds	2005	604	943	132	4.6	457%	603,873,119
Beauty and the Beast	1991	425	940	25	17.0	1700%	424,967,620
MI: Ghost Protocol	2011	695	939	145	4.8	479%	694,713,380
Suicide Squad	2016	747	939	185	4.0	404%	746,846,894
Gravity	2013	723	935	100	7.2	723%	723,192,705
Casino Royale	2006	617	926	150	4.1	411%	616,502,912
Beverly Hills Cop	1984	316	924	13	24.3	2434%	316,360,478
Mrs. Doubtfire	1993	441	921	25	17.7	1765%	441,286,195
Ratatouille	2007	624	917	150	4.2	416%	623,726,085
Rain Man	1988	355	913	25	14.2	1419%	354,825,435
The Hunger Games	2012	694	912	78	8.9	890%	694,394,724
Captain America: The Winter Soldier	2014	714	909	170	4.2	420%	714,421,503
Dawn of the Planet of the Apes	2014	711	904	170	4.2	418%	710,644,566
The Amazing Spider-Man 2	2014	709	902	293	2.4	242%	708,982,323
Toy Story 2	1999	497	901	90	5.5	553%	497,375,381
Kung Fu Panda 2	2011	666	900	150	4.4	444%	665,692,281
Hobbs & Shaw	2019	761	900	200	3.8	380%	760,732,926
Crocodile Dundee	1986	328	892	10	32.8	3282%	328,203,506
Kung Fu Panda	2008	632	892	130	4.9	486%	632,083,197
Saving Private Ryan	1998	482	889	70	6.9	689%	482,349,603
The Day After Tomorrow	2004	553	888	125	4.4	442%	552,639,571
Hancock	2008	629	888	150	4.2	420%	629,443,428
The Bodyguard	1992	411	886	25	16.4	1644%	411,046,449
Mission: Impossible	1996	458	883	80	5.7	572%	457,696,391
No Time to Die	2021	774	881	250	3.1	310%	774,153,007
MI: Rogue Nation	2015	683	870	150	4.6	455%	682,716,636
King Kong	2005	557	869	207	2.7	269%	556,906,378
Robin Hood: Prince of Thieves	1991	390	864	48	8.1	814%	390,493,908
Man of Steel	2013	668	864	225	3.0	297%	668,045,518
Night at the Museum	2006	574	862	110	5.2	522%	574,481,229
Mamma Mia!	2008	611	862	52	11.8	1175%	611,257,819
I Am Legend	2007	585	861	150	3.9	390%	585,410,052
It	2017	702	860	40	17.5	1755%	701,842,551
Men in Black 3	2012	654	859	225	2.9	291%	654,213,485
Iron Man 2	2010	624	857	200	3.1	312%	623,933,331
Fatal Attraction	1987	320	857	14	22.9	2287%	320,145,693
Madagascar 2	2008	604	852	150	4.0	403%	603,900,354
Doctor Strange	2016	678	852	165	4.1	411%	677,796,076
Who Framed Roger Rabbit	1988	330	849	50	6.6	660%	329,803,958
The Matrix	1999	467	847	63	7.4	742%	467,222,728
Fast Five	2011	626	846	125	5.0	501%	626,137,675
Madagascar	2005	542	846	75	7.2	723%	542,063,846
Meet the Fockers	2004	523	840	80	6.5	653%	522,657,936
Big Hero 6	2014	658	837	165	4.0	399%	657,869,686
Thor: The Dark World	2013	645	834	170	3.8	379%	644,783,140
Mockingjay - Part 2	2015	653	832	160	4.1	408%	653,428,261
Quantum of Solace	2008	590	832	220	2.7	268%	589,580,482
Shrek	2001	488	830	60	8.1	814%	488,351,320
Moana	2016	660	830	175	3.8	377%	660,349,731
F9: The Fast Saga	2021	726	827	200	3.6	363%	726,229,501
Iron Man	2008	586	826	140	4.2	418%	585,796,247
Gladiator	2000	465	821	103	4.5	452%	465,380,802
Back to the Future II	1989	333	817	40	8.3	831%	332,500,002
The Batman	2022	771	816	200	3.9	385%	770,836,163
Tangled	2010	592	814	260	2.3	228%	592,462,816
Tarzan	1999	448	812	130	3.4	345%	448,191,819
Justice League	2017	658	807	300	2.2	219%	657,926,987
Thor: Love and Thunder	2022	761	806	250	3.0	304%	760,928,081
The Martian	2015	631	803	108	5.8	584%	630,620,818
Life of Pi	2012	609	800	120	5.1	508%	609,016,565
Troy	2004	497	800	185	2.7	269%	497,409,852
Sing	2016	634	797	75	8.5	846%	634,338,384
Bruce Almighty	2003	485	794	81	6.0	598%	484,592,874
The Hangover Pt II	2011	587	793	80	7.3	733%	586,764,305
How to Train Your Dragon 2	2014	622	791	145	4.3	429%	621,537,519
The Simpsons Movie	2007	536	789	75	7.2	715%	536,414,293
The Crimes of Grindelwald	2018	655	787	200	3.3	327%	654,855,901
Toy Story	1995	394	781	30	13.1	1315%	394,436,586
Home Alone 2	1992	359	774	28	12.8	1282%	358,994,850
True Lies	1994	379	772	120	3.2	316%	378,882,411
The Fugitive	1993	369	770	44	8.4	838%	368,875,760
Ocean's Eleven	2001	451	766	85	5.3	530%	450,717,150
Pearl Harbor	2001	449	764	140	3.2	321%	449,220,945
The Smurfs	2011	564	762	110	5.1	512%	563,749,323
Basic Instinct	1992	353	761	49	7.2	720%	352,927,224
Mr. & Mrs. Smith	2005	487	761	110	4.4	443%	487,287,646
The Croods	2013	587	759	175	3.4	336%	587,235,983
Logan	2017	619	759	120	5.2	516%	619,179,950
Cast Away	2000	430	758	90	4.8	477%	429,632,142
Cars 2	2011	560	757	200	2.8	280%	559,852,396
The Mummy Returns	2001	443	754	98	4.5	452%	443,280,904
The Mummy	1999	416	754	80	5.2	520%	415,933,406
Puss in Boots	2011	555	750	130	4.3	427%	554,987,477
Men in Black II	2002	445	748	140	3.2	318%	445,135,288
Ant-Man & the Wasp	2018	623	748	195	3.2	319%	622,674,139
Despicable Me	2010	543	746	69	7.9	787%	543,157,985
The Last Samurai	2003	455	745	140	3.2	325%	454,627,263
Transformers: The Last Knight	2017	605	742	217	2.8	279%	605,425,157
Charlie and the Chocolate Factory	2005	475	742	150	3.2	317%	474,968,763
Sherlock Holmes	2009	524	739	90	5.8	582%	524,028,679
WALL·E	2008	521	735	180	2.9	290%	521,311,890
Sherlock Holmes: A Game of Shadows	2011	544	735	125	4.4	435%	543,848,418
Die Another Day	2002	432	726	142	3.0	304%	431,971,116
Fifty Shades of Grey	2015	570	726	40	14.2	1424%	569,651,467
Die Hard with a Vengeance	1995	366	725	90	4.1	407%	366,101,666
Ted	2012	549	722	65	8.5	845%	549,368,315
The Mask	1994	352	716	18	19.5	1953%	351,583,407
Black Panther: Wakanda Forever	2022	676	716	250	2.7	270%	676,036,389
Speed	1994	350	714	37	9.5	947%	350,448,145
Terminator 3	2003	433	710	187	2.3	232%	433,371,112
Brave	2012	539	708	185	2.9	291%	538,983,207
Apollo 13	1995	355	704	52	6.8	683%	355,237,933
The Matrix Revolutions	2003	427	700	150	2.8	285%	427,344,325
Ready Player One	2018	583	700	175	3.3	333%	582,918,849
World War Z	2013	540	699	190	2.8	284%	540,455,876
Godzilla (1998)	1998	379	698	150	2.5	253%	379,014,294
GoldenEye	1995	352	698	60	5.9	587%	352,194,034
American Sniper	2014	547	697	59	9.3	928%	547,459,020
The Flintstones	1994	342	696	46	7.4	743%	341,631,208
Kong: Skull Island	2017	567	695	185	3.1	306%	566,652,812
Cars	2006	462	694	120	3.8	385%	461,991,867
Lethal Weapon 3	1992	322	694	35	9.2	919%	321,731,527
X-Men: The Last Stand	2006	460	691	210	2.2	219%	460,435,291
Cinderella	2015	542	691	95	5.7	571%	542,358,331
Signs	2002	408	686	72	5.7	567%	408,247,917
Pocahontas	1995	346	686	55	6.3	629%	346,079,773
Angels & Demons	2009	486	685	150	3.2	324%	485,930,816
X-Men: Apocalypse	2016	544	684	178	3.1	306%	543,934,105
There's Something About Mary	1998	370	681	23	16.1	1608%	369,884,651
How to Train Your Dragon	2010	495	680	165	3.0	300%	494,879,471
The Revenant	2015	533	679	135	3.9	395%	532,950,503
Clash of the Titans	2010	493	678	125	3.9	395%	493,214,993
National Treasure: Book of Secrets	2007	459	675	130	3.5	353%	459,242,249
Schindler's List	1993	322	673	22	14.6	1464%	322,161,245
300	2007	456	671	65	7.0	702%	456,082,343
A Bug's Life	1998	363	669	120	3.0	303%	363,258,859
Godzilla	2014	525	668	160	3.3	328%	524,976,069
X2: X-Men United	2003	408	668	110	3.7	371%	407,711,549
Guardians of the Galaxy 3	2023	667	667	250	2.7	267%	666,652,514
Batman Forever	1995	337	667	100	3.4	337%	336,567,158
The Hangover	2009	469	662	35	13.4	1341%	469,328,079
Ant-Man	2015	519	662	130	4.0	399%	519,311,965
What Women Want	2000	374	660	70	5.3	534%	374,111,707
Notting Hill	1999	364	659	42	8.7	866%	363,889,678
The World Is Not Enough	1999	362	656	135	2.7	268%	361,832,400
Kung Fu Panda 3	2016	521	655	145	3.6	359%	521,170,825
Rio	2011	484	654	90	5.4	538%	483,866,518
The Bourne Ultimatum	2007	444	653	110	4.0	404%	444,100,035
Rise of the Planet of the Apes	2011	482	651	93	5.2	518%	481,800,873
Se7en	1995	327	648	30	10.9	1091%	327,333,559
The Boss Baby	2017	528	647	125	4.2	422%	527,965,936
Dunkirk	2017	527	646	100	5.3	527%	527,016,307
The Rock	1996	335	646	75	4.5	447%	335,062,621
American Beauty	1999	356	646	15	23.8	2375%	356,296,601
Ice Age	2002	383	644	60	6.4	639%	383,257,136
Deep Impact	1998	349	644	80	4.4	437%	349,464,664
Oz the Great and Powerful	2013	493	638	200	2.5	247%	493,311,825
The Meg	2018	531	637	178	3.0	298%	530,517,320
Ralph Breaks the Internet	2018	529	636	175	3.0	302%	529,323,962
Hotel Transylvania 3	2018	529	635	80	6.6	661%	528,583,774
Rio 2	2014	499	635	130	3.8	384%	498,781,117
The Hunchback of Notre Dame	1996	325	627	70	4.6	465%	325,338,851
Jurassic Park III	2001	369	627	93	4.0	397%	368,780,809
Alvin & the Chipmunks: The Squeakquel	2009	443	625	75	5.9	591%	443,140,005
Tomorrow Never Dies	1997	333	623	110	3.0	303%	333,011,068
How to Train Your Dragon: The Hidden World	2019	525	620	129	4.1	407%	524,580,592
My Big Fat Greek Wedding	2002	369	620	5	73.7	7375%	368,744,044
Wreck-It Ralph	2012	471	619	165	2.9	286%	471,222,889
101 Dalmatians	1996	321	618	67	4.8	479%	320,689,294
Teenage Mutant Ninja Turtles	2014	485	617	150	3.2	323%	485,004,754
Dinosaur	2000	350	617	125	2.8	280%	349,822,765
The Grinch	2018	513	616	75	6.8	684%	512,858,819
Planet of the Apes	2001	362	616	100	3.6	362%	362,211,740
How the Grinch Stole Christmas	2000	346	610	123	2.8	281%	345,823,032
Thor	2011	449	607	150	3.0	300%	449,326,618
Hotel Transylvania 2	2015	475	605	80	5.9	594%	475,186,706
Spirited Away	2001	356	605	19	18.7	1872%	355,725,195
Star Trek Into Darkness	2013	467	604	190	2.5	246%	467,365,246
San Andreas	2015	474	604	110	4.3	431%	474,009,154
Minority Report	2002	358	602	102	3.5	351%	358,372,926
Shark Tale	2004	375	602	75	5.0	499%	374,583,879
War for the Planet of the Apes	2017	491	602	152	3.2	323%	490,719,763
Mission: Impossible III	2006	398	598	150	2.7	266%	398,479,497
Hannibal	2001	352	598	87	4.0	404%	351,692,268
Lucy	2014	469	597	39	12.0	1203%	469,058,574
Ransom	1996	309	597	70	4.4	442%	309,492,681
The Lego Movie	2014	468	596	65	7.2	720%	468,266,122
La La Land	2016	471	592	30	15.7	1571%	471,226,899
Catch Me If You Can	2002	352	592	52	6.8	677%	352,114,312
The Chronicles of Narnia: Prince Caspian	2008	420	592	225	1.9	187%	419,665,568
Sex and the City	2008	419	591	65	6.4	644%	418,765,519
Rush Hour 2	2001	347	591	90	3.9	386%	347,325,802
Air Force One	1997	315	590	85	3.7	371%	315,156,409
As Good as It Gets	1997	314	588	50	6.3	628%	314,178,011
The King's Speech	2010	427	587	15	28.5	2849%	427,374,317
Superman Returns	2006	391	587	223	1.8	175%	391,081,192
Batman Begins	2005	374	583	150	2.5	249%	373,672,993
Ocean's Twelve	2004	363	583	110	3.3	330%	362,744,280
Meet the Parents	2000	330	583	55	6.0	601%	330,444,045
Night at the Museum: Battle of the Smithsonian	2009	413	582	150	2.8	275%	413,106,170
Maleficent: Mistress of Evil	2019	492	582	185	2.7	266%	491,730,089
Les Misérables	2012	442	581	61	7.3	725%	442,299,309
Hitch	2005	372	580	70	5.3	531%	371,594,210
The Perfect Storm	2000	329	580	120	2.7	274%	328,718,434
Happy Feet	2006	384	577	100	3.8	384%	384,336,108
Venom: Let There Be Carnage	2021	507	577	110	4.6	461%	506,863,592
Twilight	2008	408	576	37	11.0	1104%	408,430,415
The Voyage of the Dawn Treader	2010	416	571	155	2.7	268%	415,686,217
Live Free or Die Hard	2007	388	571	110	3.5	353%	388,156,011
The Mummy: Tomb of the Dragon Emperor	2008	403	569	145	2.8	278%	403,449,830
I, Robot	2004	353	568	120	2.9	294%	353,133,898
Austin Powers: The Spy Who Shagged Me	1999	312	565	33	9.5	946%	312,016,928
Bumblebee	2018	468	562	135	3.5	347%	467,989,645
Terminator Genisys	2015	441	561	155	2.8	284%	440,603,537
Django Unchained	2012	426	560	100	4.3	426%	426,074,373
It Chapter Two	2019	473	560	79	6.0	599%	473,122,525
National Treasure	2004	348	559	100	3.5	348%	347,512,318
Warcraft	2016	439	552	160	2.7	274%	439,048,914
Tron: Legacy	2010	400	550	170	2.4	235%	400,063,852
The Golden Compass	2007	372	547	180	2.1	207%	372,234,864
Star Trek	2009	386	544	150	2.6	257%	385,680,446
A Beautiful Mind	2001	317	539	58	5.5	546%	316,791,257
Monsters vs. Aliens	2009	382	538	170	2.2	224%	381,509,870
Alvin & the Chipmunks	2007	365	537	70	5.2	522%	365,352,546
The Wolverine	2013	415	536	132	3.1	314%	414,828,246
Godzilla vs. Kong	2021	470	535	200	2.4	235%	470,067,014
The Greatest Showman	2017	436	534	84	5.2	519%	435,732,529
Slumdog Millionaire	2008	378	534	15	25.2	2523%	378,410,542
Pacific Rim	2013	411	531	200	2.1	206%	411,002,906
Prometheus	2012	403	530	130	3.1	310%	403,354,469
Kingsman: The Secret Service	2015	414	528	94	4.4	441%	414,351,546
The Wolf of Wall Street	2013	407	526	100	4.1	407%	406,878,233
X-Men Origins: Wolverine	2009	373	526	150	2.5	249%	373,062,864
A Star Is Born	2018	436	524	36	12.1	1212%	436,233,122
Terminator Salvation	2009	371	524	200	1.9	186%	371,353,001
Jason Bourne	2016	415	522	120	3.5	346%	415,484,914
Snow White and the Huntsman	2012	397	521	170	2.3	233%	396,592,829
Fantastic Four	2005	334	521	120	2.8	278%	333,535,934
Rampage	2018	428	514	120	3.6	357%	428,028,233
Ice Age: Collision Course	2016	409	514	105	3.9	389%	408,754,975
Pokémon Detective Pikachu	2019	433	512	150	2.9	289%	433,230,304
Over the Hedge	2006	340	510	80	4.2	425%	339,795,890
The Secret Life of Pets 2	2019	431	510	75	5.7	575%	431,058,056
Fast & Furious	2009	360	508	85	4.2	424%	360,366,870
The Polar Express	2004	315	507	170	1.9	185%	315,249,768
The Adventures of Tintin	2011	374	506	135	2.8	277%	373,993,951
Kingsman: The Golden Circle	2017	411	504	104	4.0	395%	410,902,662
The Mummy	2017	409	502	80	5.1	512%	409,231,607
Captain America: The First Avenger	2011	371	501	140	2.6	265%	370,569,774
Enchanted	2007	340	501	85	4.0	401%	340,487,836
Mad Max: Fury Road	2015	390	496	185	2.1	211%	389,561,515
Taken 2	2012	376	494	45	8.4	836%	376,152,455
The Karate Kid	2010	359	493	40	9.0	898%	359,126,022
Bad Boys for Life	2020	427	492	90	4.7	474%	426,505,244
Shang-Chi and the Legend of the Ten Rings	2021	432	492	150	2.9	288%	432,243,292
Home	2015	386	492	135	2.9	286%	386,041,607
Chicken Little	2005	314	491	150	2.1	210%	314,432,837
The Devil Wears Prada	2006	327	490	35	9.3	933%	326,706,115
Independence Day: Resurgence	2016	390	490	165	2.4	236%	389,681,935
G.I. Joe: Retaliation	2013	376	486	130	2.9	289%	375,740,705
Mamma Mia! Here We Go Again	2018	402	483	75	5.4	536%	402,264,843
Wanted	2008	342	483	75	4.6	457%	342,463,063
Alita: Battle Angel	2019	405	479	170	2.4	238%	404,980,543
X-Men: First Class	2011	353	477	160	2.2	220%	352,616,690
Penguins of Madagascar	2014	374	475	132	2.8	283%	373,515,621
Prince of Persia: The Sands of Time	2009	336	474	185	1.8	182%	336,365,676
The Curious Case of Benjamin Button	2008	336	474	150	2.2	224%	335,802,786
Solo: A Star Wars Story	2018	393	472	300	1.3	131%	392,924,807
Edge of Tomorrow	2014	371	472	178	2.1	208%	370,541,256
Hotel Transylvania	2012	358	471	85	4.2	422%	358,375,603
Cars 3	2017	384	471	175	2.2	219%	383,930,656
Gone Girl	2014	369	470	61	6.1	605%	369,330,363
The Hangover Pt III	2013	362	468	103	3.5	351%	362,000,072
Fifty Shades Darker	2017	382	468	55	6.9	694%	381,545,846
Sing 2	2021	407	464	85	4.8	479%	407,452,213
Alvin & the Chipmunks: Chipwrecked	2011	343	463	80	4.3	428%	342,695,435
Ant-Man: Quantumania	2023	463	463	200	2.3	232%	463,525,483
Night at the Museum: Secret of the Tomb	2014	363	462	127	2.9	286%	363,204,635
Spider-Man: Into the Spider-Verse	2018	384	462	90	4.3	427%	384,256,930
A Christmas Carol	2009	325	459	200	1.6	163%	325,286,646
The Lorax	2012	349	459	70	5.0	499%	349,183,316
Ocean's Thirteen	2007	311	458	85	3.7	366%	311,312,624
Eternals	2021	402	458	200	2.0	201%	402,064,899
Dune	2021	402	457	165	2.4	244%	401,847,900
Godzilla: King of the Monsters	2019	387	457	170	2.3	227%	386,600,138
The Great Gatsby	2013	354	457	190	1.9	186%	353,659,851
Noah	2014	359	457	125	2.9	287%	359,200,044
1917	2019	385	455	90	4.3	427%	384,576,334
Now You See Me	2013	352	455	75	4.7	469%	351,723,989
Inglourious Basterds	2009	321	453	70	4.6	459%	321,457,747
Black Swan	2010	329	453	13	25.3	2534%	329,398,046
The Smurfs 2	2013	348	449	105	3.3	331%	347,545,360
The Legend of Tarzan	2016	357	448	180	2.0	198%	356,700,357
The Proposal	2009	317	448	40	7.9	793%	317,375,031
Fifty Shades Freed	2018	372	447	55	6.8	676%	371,985,018
Once Upon a Time in Hollywood	2019	378	447	96	3.9	393%	377,617,598
The Maze Runner	2014	348	443	34	10.2	1024%	348,319,861
The Angry Birds Movie	2016	352	443	73	4.8	483%	352,333,929
Megamind	2010	322	442	130	2.5	248%	321,885,765
Robin Hood	2010	322	442	198	1.6	162%	321,669,741
Journey 2: The Mysterious Island	2012	335	440	80	4.2	419%	335,287,748
The Last Airbender	2010	320	439	150	2.1	213%	319,713,881
The Nun	2018	366	439	22	16.6	1662%	365,582,797
Bolt	2008	310	437	150	2.1	207%	309,979,994
Trolls	2016	347	436	125	2.8	278%	347,182,886
Shazam!	2019	366	433	100	3.7	366%	366,080,049
Murder on the Orient Express	2017	353	433	55	6.4	641%	352,794,081
Black Widow	2021	380	432	200	1.9	190%	379,751,655
Star Trek Beyond	2016	343	432	185	1.9	186%	343,471,816
300: Rise of an Empire	2014	338	430	110	3.1	307%	337,580,051
The Secrets of Dumbledore	2022	405	429	200	2.0	203%	405,161,334
John Wick 4	2023	427	427	100	4.3	427%	427,330,689
Little Fockers	2010	311	427	100	3.1	311%	310,650,585
Sonic the Hedgehog 2	2022	403	426	110	3.7	366%	402,656,846
Uncharted	2022	402	425	120	3.3	335%	401,748,820
xXx: Return of Xander Cage	2017	346	424	85	4.1	407%	346,118,277
The Good Dinosaur	2015	332	423	200	1.7	166%	332,207,671
Peter Rabbit	2018	351	422	50	7.0	703%	351,496,066
22 Jump Street	2014	331	422	50	6.6	663%	331,333,876
Tenet	2020	365	422	200	1.8	183%	365,294,355
Now You See Me 2	2016	335	421	120	2.8	279%	334,897,606
Mary Poppins Returns	2018	350	420	130	2.7	269%	349,546,142
Dumbo	2019	353	418	170	2.1	208%	353,284,621
Taken 3	2015	326	416	48	6.8	680%	326,479,141
The SpongeBob Movie: Sponge Out of Water	2015	325	414	74	4.4	439%	325,186,032
The Conjuring	2013	320	414	20	16.0	1602%	320,406,242
The Expendables 2	2012	315	414	100	3.1	315%	314,975,955
Black Adam	2022	389	412	230	1.7	169%	377,736,860
A Quiet Place	2018	341	410	17	20.1	2006%	340,952,971
The Conjuring 2	2016	322	404	40	8.0	805%	321,834,351
Maze Runner: The Scorch Trials	2015	312	398	61	5.1	512%	312,296,056
Resident Evil: The Final Chapter	2016	312	392	40	7.8	781%	312,242,626
John Wick: Chapter 3 - Parabellum	2019	328	388	75	4.4	438%	328,349,387
Green Book	2018	322	386	23	14.0	1399%	321,752,656
The Lego Batman Movie	2017	312	383	80	3.9	390%	312,136,671
Free Guy	2021	332	377	125	2.7	265%	331,526,598
Knives Out	2019	313	370	40	7.8	782%	312,897,920
Sonic the Hedgehog	2020	320	369	90	3.6	355%	319,715,683